Question, Answer, Category, Dietary Preference, Health Condition
&quot;How can I gain weight as a vegetarian in India?&quot;,&quot;To gain weight, focus on calorie-dense foods like paneer, ghee, nuts, seeds, and full-fat dairy. Add lentils (dal), chickpeas, and rice dishes like khichdi or biryani to your meals. Include snacks like laddoos, halwa, and dry fruits.&quot;,Weight Gain,Vegetarian,Underweight
&quot;What are some high-calorie Indian snacks for weight gain?&quot;,&quot;High-calorie snacks include besan ladoo, peanut chikki, coconut burfi, and fried puris with potato curry. Pair these with milkshakes made with bananas, dates, and almonds.&quot;,Snack Ideas,Vegetarian,Underweight
&quot;Can I gain weight by eating traditional Indian meals?&quot;,&quot;Yes! Traditional Indian meals like dal makhani with butter naan, paneer butter masala with jeera rice, and sweet dishes like kheer or payasam are rich in calories and nutrients. Add ghee or clarified butter to enhance calorie content.&quot;,Meal Suggestions,Vegetarian,Underweight
&quot;What protein sources can help me gain weight as an Indian vegetarian?&quot;,&quot;Include protein-rich foods like paneer, tofu, soy chunks, lentils, chickpeas, and whole milk. Use them in curries, parathas, or snacks like chana chaat and sprouted salads.&quot;,Protein Sources,Vegetarian,Underweight
&quot;How do I increase my calorie intake without feeling too full?&quot;,&quot;Eat smaller, frequent meals every 2–3 hours. Focus on nutrient-dense foods like nuts, seeds, dried fruits, and smoothies with milk, bananas, and nut butter. Avoid drinking water immediately before meals to prevent early satiety.&quot;,Calorie Intake,Vegetarian,Underweight
&quot;Are there any Indian drinks that can help with weight gain?&quot;,&quot;Yes! Drinks like badam milk (almond milk), banana shakes, mango lassi, and falooda are calorie-rich and nutritious. Add honey, nuts, or dry fruits for extra calories.&quot;,Beverages,Vegetarian,Underweight
&quot;What are some healthy fats I can add to my diet for weight gain?&quot;,&quot;Include healthy fats like ghee, coconut oil, sesame seeds, flaxseeds, and cashews. Use ghee in rotis or curries, sprinkle seeds on salads, and snack on nuts.&quot;,Healthy Fats,Vegetarian,Underweight
&quot;How can I make my meals more calorie-dense?&quot;,&quot;Add calorie boosters like ghee, cheese, cream, nuts, and dried fruits to your meals. For example, top your dal with a dollop of ghee or mix nuts into your rice dishes.&quot;,Meal Planning,Vegetarian,Underweight
&quot;What’s the best way to prepare lentils for weight gain?&quot;,&quot;Cook lentils with ghee, spices, and vegetables. Serve them with rice or roti and a side of yogurt or pickle. Adding cream or coconut milk to dal can also increase its calorie content.&quot;,Cooking Tips,Vegetarian,Underweight
&quot;Can I use paneer to gain weight?&quot;,&quot;Absolutely! Paneer is rich in protein and calories. Add it to curries, parathas, or snacks like paneer tikka. You can also blend it into smoothies or desserts like sandesh.&quot;,Weight Gain Foods,Vegetarian,Underweight
&quot;What are some easy-to-make Indian breakfasts for weight gain?&quot;,&quot;Try poha with peanuts, upma with ghee, stuffed parathas with paneer or potatoes, and suji halwa. Pair these with a glass of full-fat milk or a banana shake.&quot;,Breakfast Ideas,Vegetarian,Underweight
&quot;How can I incorporate more nuts into my diet?&quot;,&quot;Snack on almonds, walnuts, and cashews. Add crushed nuts to desserts like kheer, sprinkle them on salads, or blend them into smoothies. Nut butters like almond or peanut butter are also great additions to bread or rotis.&quot;,Nutrient-Dense Foods,Vegetarian,Underweight
&quot;What’s the role of ghee in weight gain for vegetarians?&quot;,&quot;Ghee is calorie-dense and provides healthy fats. Use it generously in cooking, drizzle it over rice or rotis, or mix it into khichdi. It’s an excellent addition to any meal for increasing caloric intake.&quot;,Healthy Fats,Vegetarian,Underweight
&quot;What are some Indian sweets that can help with weight gain?&quot;,&quot;Sweets like gulab jamun, jalebi, peda, and modak are calorie-rich and delicious. Make them at home using full-fat milk, ghee, and nuts for added nutrition.&quot;,Desserts,Vegetarian,Underweight
&quot;How can I ensure I’m getting enough protein as a vegetarian?&quot;,&quot;Include protein-rich foods like lentils, chickpeas, paneer, tofu, and dairy products in every meal. Snack on roasted chana (chickpeas) or mix soya granules into your curries and soups.&quot;,Protein Intake,Vegetarian,Underweight
&quot;What are some vegetarian snacks for late-night munching?&quot;,&quot;Opt for calorie-dense snacks like roasted makhana with ghee, mixed nuts, or a bowl of yogurt with honey and almonds. These are filling and nutritious.&quot;,Snack Ideas,Vegetarian,Underweight
&quot;Can I eat rice to gain weight?&quot;,&quot;Yes! Rice is calorie-dense and pairs well with curries, dals, and vegetables. Combine it with ghee, paneer, or lentils to make it even more nutritious and calorie-rich.&quot;,Carbohydrates,Vegetarian,Underweight
&quot;What’s the best way to prepare rotis for weight gain?&quot;,&quot;Use whole wheat flour and knead the dough with milk or ghee instead of water. Stuff the rotis with paneer, mashed potatoes, or spinach to add extra calories and nutrients.&quot;,Cooking Tips,Vegetarian,Underweight
&quot;How can I make my smoothies more calorie-dense?&quot;,&quot;Blend full-fat milk, bananas, dates, almonds, and a spoonful of peanut butter or ghee into your smoothies. Add oats or chia seeds for extra fiber and energy.&quot;,Beverages,Vegetarian,Underweight
&quot;What are some traditional Indian desserts for weight gain?&quot;,&quot;Desserts like shrikhand, malpua, and basundi are rich in calories and nutrients. Prepare them at home using fresh ingredients like milk, sugar, and nuts.&quot;,Desserts,Vegetarian,Underweight
&quot;How can I use milk to gain weight?&quot;,&quot;Drink full-fat milk multiple times a day. Blend it into shakes with fruits, nuts, and honey. You can also use it to prepare kheer, payasam, or thandai.&quot;,Weight Gain Foods,Vegetarian,Underweight
&quot;What’s the best way to prepare khichdi for weight gain?&quot;,&quot;Cook khichdi with ghee, moong dal, and rice. Add vegetables like carrots and peas, and top it with a dollop of butter or yogurt. Serve it with pickles or papad for extra flavor and calories.&quot;,Meal Suggestions,Vegetarian,Underweight
&quot;Can I eat potatoes to gain weight?&quot;,&quot;Yes! Potatoes are starchy and calorie-dense. Eat them boiled, mashed, or fried. Pair them with ghee, paneer, or yogurt for added nutrition.&quot;,Carbohydrates,Vegetarian,Underweight
&quot;What are some Indian spices that aid digestion during weight gain?&quot;,&quot;Spices like cumin, ginger, turmeric, and fennel aid digestion and reduce bloating. Use them in curries, teas, or sprinkled over meals.&quot;,Digestive Health,Vegetarian,Underweight
&quot;How can I avoid bloating while gaining weight?&quot;,&quot;Eat slowly, chew thoroughly, and avoid carbonated drinks. Incorporate probiotic-rich foods like curd (yogurt) and fermented foods like idli or dosa to improve gut health.&quot;,Digestive Health,Vegetarian,Bloating
&quot;What are some vegetarian sources of iron for Indians?&quot;,&quot;Include spinach, beetroot, lentils, soybeans, and dried fruits like raisins and apricots in your diet. Pair these with vitamin C-rich foods like lemon juice to enhance absorption.&quot;,Mineral Sources,Vegetarian,Anemia
&quot;How can I balance my meals for weight gain?&quot;,&quot;Ensure each meal has a mix of carbohydrates (rice, roti), proteins (paneer, lentils), and fats (ghee, nuts). Include snacks like fruit with yogurt or dry fruits between meals.&quot;,Meal Planning,Vegetarian,Underweight
&quot;What’s the best way to prepare sabzi for weight gain?&quot;,&quot;Cook sabzi with ghee, cream, or coconut milk. Add paneer or nuts for extra calories. Serve it with roti or rice and a side of yogurt or pickle.&quot;,Cooking Tips,Vegetarian,Underweight
&quot;Can I eat chole bhature to gain weight?&quot;,&quot;Yes! Chole bhature is calorie-dense and filling. Pair it with raita or salad for a balanced meal. However, consume fried foods in moderation to maintain overall health.&quot;,Meal Suggestions,Vegetarian,Underweight
&quot;What are some vegetarian sources of calcium for bone health?&quot;,&quot;Include dairy products like milk, curd, and paneer. Non-dairy options include spinach, broccoli, sesame seeds, and fortified plant-based milks.&quot;,Bone Health,Vegetarian,None
&quot;How can I make my diet more protein-rich without meat?&quot;,&quot;Incorporate lentils, chickpeas, tofu, paneer, quinoa, and dairy products into your meals. Snack on roasted chana or add soya chunks to curries.&quot;,Protein Sources,Vegetarian,None
&quot;What’s the best way to prepare samosas for weight gain?&quot;,&quot;Make samosas with a stuffing of potatoes, peas, and paneer. Fry them in ghee for extra calories. Serve with mint chutney or yogurt dip.&quot;,Snack Ideas,Vegetarian,Underweight
&quot;How can I use coconut in my diet for weight gain?&quot;,&quot;Add grated coconut to curries, desserts, or rice dishes. Drink coconut milk or use coconut oil in cooking. Coconut is calorie-dense and adds flavor to meals.&quot;,Healthy Fats,Vegetarian,Underweight
&quot;What are some vegetarian sources of omega-3 fatty acids for Indians?&quot;,&quot;Flaxseeds, chia seeds, walnuts, and mustard oil are good vegetarian sources of omega-3s. Sprinkle flaxseeds on salads or blend chia seeds into smoothies.&quot;,Healthy Fats,Vegetarian,None
&quot;How can I make my dal more nutritious for weight gain?&quot;,&quot;Cook dal with ghee, cream, or coconut milk. Add vegetables like spinach or carrots and serve it with rice or roti. Top it with fried onions or nuts for extra flavor and calories.&quot;,Cooking Tips,Vegetarian,Underweight
&quot;What’s the best way to prepare parathas for weight gain?&quot;,&quot;Stuff parathas with paneer, mashed potatoes, or mixed vegetables. Cook them with ghee and serve with yogurt or pickle. Pair them with a glass of full-fat milk for added calories.&quot;,Breakfast Ideas,Vegetarian,Underweight
&quot;Can I eat dry fruits to gain weight?&quot;,&quot;Yes! Dry fruits like almonds, cashews, raisins, and dates are calorie-dense and nutrient-rich. Snack on them directly or add them to desserts, smoothies, or salads.&quot;,Weight Gain Foods,Vegetarian,Underweight
&quot;What’s the best way to prepare kheer for weight gain?&quot;,&quot;Use full-fat milk, sugar, and dry fruits like almonds and pistachios. Add cardamom and saffron for flavor. Serve warm or chilled as a dessert.&quot;,Desserts,Vegetarian,Underweight
&quot;How can I use curd in my diet for weight gain?&quot;,&quot;Eat curd plain or whip it into raita with vegetables. Add sugar and nuts to make shrikhand. Use it in smoothies or as a base for gravies.&quot;,Weight Gain Foods,Vegetarian,Underweight
&quot;What are some vegetarian snacks for kids to gain weight?&quot;,&quot;Offer snacks like peanut chikki, besan ladoo, banana shakes, and paneer parathas. Pair them with full-fat milk or yogurt for added nutrition.&quot;,Snack Ideas,Vegetarian,Underweight
&quot;How can I make my meals tastier while gaining weight?&quot;,&quot;Use spices like cumin, coriander, turmeric, and garam masala. Add ghee, cream, or coconut milk to curries and desserts. Experiment with flavors to keep meals exciting.&quot;,Cooking Tips,Vegetarian,Underweight
&quot;What’s the best way to prepare idli for weight gain?&quot;,&quot;Serve idlis with coconut chutney, sambar, and a dollop of ghee. Pair them with a glass of full-fat milk or a banana shake.&quot;,Breakfast Ideas,Vegetarian,Underweight
&quot;Can I eat rajma to gain weight?&quot;,&quot;Yes! Rajma (kidney beans) is rich in protein and calories. Cook it with ghee, cream, or butter and serve with rice or roti. Add spices for extra flavor.&quot;,Weight Gain Foods,Vegetarian,Underweight
&quot;What’s the best way to prepare halwa for weight gain?&quot;,&quot;Use ingredients like wheat flour, semolina, or carrots. Cook with ghee, sugar, and dry fruits like almonds and raisins. Serve warm as a dessert or snack.&quot;,Desserts,Vegetarian,Underweight
What are some high-fiber foods?,High-fiber foods include whole grains (oats, quinoa), legumes (beans, lentils), fruits (apples, berries), vegetables (broccoli, carrots), and nuts/seeds,Fiber Sources,None,None
&quot;Can I eat bananas if I&#39;m trying to lose weight?&quot;,&quot;Yes, bananas are nutritious and can be part of a weight-loss diet. They’re filling due to their fiber content but should be eaten in moderation as they contain natural sugars.&quot;,Weight Loss,None,Weight Loss
&quot;How do I know if I&#39;m eating enough protein?&quot;,&quot;Track your daily protein intake using apps or food logs. Aim for 0.8–1 gram of protein per kilogram of body weight, or more if you&#39;re active. Include protein-rich foods like eggs, chicken, fish, tofu, or beans in every meal.&quot;,Protein Intake,None,None
&quot;What are good sources of omega-3 fatty acids?&quot;,&quot;Omega-3 rich foods include fatty fish (salmon, mackerel), flaxseeds, chia seeds, walnuts, and algae-based supplements for vegetarians/vegans.&quot;,Healthy Fats,Vegan,None
&quot;How can I reduce bloating naturally?&quot;,&quot;To reduce bloating, stay hydrated, limit carbonated drinks, eat slowly, avoid excessive salt, and include probiotic-rich foods like yogurt or kefir. Ginger tea may also help soothe digestive discomfort.&quot;,Digestive Health,None,Bloating
&quot;What should I eat before a workout?&quot;,&quot;Before a workout, focus on easily digestible carbs and a small amount of protein, such as a banana with peanut butter, Greek yogurt with fruit, or a slice of whole-grain toast with honey.&quot;,Pre-Workout Nutrition,None,Fitness
&quot;Are frozen vegetables as healthy as fresh ones?&quot;,&quot;Yes, frozen vegetables are just as nutritious as fresh ones because they’re flash-frozen at peak ripeness, preserving nutrients. They’re also convenient and often more affordable.&quot;,Vegetable Choices,None,None
&quot;What’s the best way to cook vegetables without losing nutrients?&quot;,&quot;Steam or lightly sauté vegetables instead of boiling them to retain nutrients. Avoid overcooking and use minimal water or oil.&quot;,Cooking Tips,None,None
&quot;Is coffee bad for my health?&quot;,&quot;Moderate coffee consumption (up to 3–4 cups/day) has been linked to several health benefits, including improved alertness and reduced risk of certain diseases. However, excessive caffeine can cause anxiety or sleep issues.&quot;,Beverages,None,Anxiety/Sleep Issues
&quot;What snacks are safe for someone with celiac disease?&quot;,&quot;Safe snacks for celiac disease include gluten-free options like rice cakes, corn chips, popcorn, fresh fruits, and vegetables. Always check labels for hidden gluten.&quot;,Gluten-Free Snacks,Gluten-Free,Celiac Disease
&quot;How can I manage my blood sugar levels through diet?&quot;,&quot;Eat balanced meals with complex carbs (whole grains), lean proteins, and healthy fats. Avoid sugary foods and refined carbs. Regularly monitor your blood sugar and consult a healthcare provider for personalized advice.&quot;,Blood Sugar Management,None,Diabetes
&quot;What are the benefits of drinking green tea?&quot;,&quot;Green tea contains antioxidants that may improve brain function, aid fat burning, and lower the risk of chronic diseases. It’s also hydrating and low in calories.&quot;,Beverages,None,None
&quot;I’m lactose intolerant. What alternatives can I use for milk?&quot;,&quot;Lactose-free alternatives include almond milk, soy milk, oat milk, coconut milk, and lactose-free cow’s milk. Choose fortified versions to ensure adequate calcium and vitamin D intake.&quot;,Dairy Alternatives,Lactose-Free,Lactose Intolerance
&quot;What foods can help lower cholesterol?&quot;,&quot;Foods like oats, barley, beans, nuts, fatty fish, and plant sterols can help lower cholesterol. Limit saturated fats and trans fats found in processed foods.&quot;,Heart Health,None,High Cholesterol
&quot;What’s the difference between soluble and insoluble fiber?&quot;,&quot;Soluble fiber dissolves in water and helps lower cholesterol and regulate blood sugar (found in oats, apples). Insoluble fiber adds bulk to stool and prevents constipation (found in wheat bran, vegetables).&quot;,Fiber Types,None,Constipation
&quot;How much sodium is too much?&quot;,&quot;The recommended daily sodium intake is less than 2,300 mg (about 1 teaspoon of salt). Excessive sodium can increase blood pressure and heart disease risk.&quot;,Sodium Intake,None,Hypertension
&quot;What are some iron-rich foods for vegetarians?&quot;,&quot;Vegetarian sources of iron include spinach, lentils, chickpeas, tofu, quinoa, pumpkin seeds, and fortified cereals. Pair these with vitamin C-rich foods to enhance absorption.&quot;,Mineral Sources,Vegetarian,Anemia
&quot;How can I make my meals more nutrient-dense?&quot;,&quot;Add nutrient-dense ingredients like leafy greens, colorful vegetables, whole grains, lean proteins, and healthy fats to your meals. Swap processed snacks for whole foods.&quot;,Meal Planning,None,None
&quot;What’s the best time to eat dinner?&quot;,&quot;Aim to eat dinner at least 2–3 hours before bedtime to allow proper digestion. Late-night eating can disrupt sleep and metabolism.&quot;,Meal Timing,None,Sleep Issues
&quot;What are the signs of dehydration?&quot;,&quot;Signs of dehydration include thirst, dry mouth, dark urine, fatigue, dizziness, and confusion. Drink water regularly throughout the day to stay hydrated.&quot;,Hydration,None,Dehydration
&quot;What foods should I avoid if I have acid reflux?&quot;,&quot;Avoid spicy foods, citrus fruits, tomatoes, chocolate, caffeine, alcohol, and fried/fatty foods if you have acid reflux. Opt for bland, non-acidic foods like bananas, oatmeal, and lean proteins.&quot;,Acid Reflux Diet,None,GERD
&quot;How can I boost my energy levels naturally?&quot;,&quot;Eat balanced meals with complex carbs, protein, and healthy fats; stay hydrated; get enough sleep; and exercise regularly. Avoid relying on sugary snacks for quick energy boosts.&quot;,Energy Boosting,None,Fatigue
&quot;What’s the role of probiotics in gut health?&quot;,&quot;Probiotics support a healthy gut microbiome, improving digestion, immunity, and mental health. Find them in fermented foods like yogurt, kimchi, sauerkraut, and kombucha.&quot;,Gut Health,None,Digestive Disorders
&quot;What’s the best way to store fresh produce?&quot;,&quot;Store fruits and vegetables separately to prevent spoilage. Keep delicate items like berries refrigerated, while potatoes and onions prefer cool, dark places. Leafy greens last longer when wrapped in damp paper towels.&quot;,Food Storage,None,None
&quot;Can I eat pasta if I’m watching my carb intake?&quot;,&quot;Opt for whole-grain or legume-based pasta instead of refined options. Control portion sizes and pair with plenty of vegetables and lean protein to balance the meal.&quot;,Carbohydrates,None,Low-Carb Diet
&quot;What’s the difference between saturated and unsaturated fats?&quot;,&quot;Saturated fats (solid at room temperature) are found in animal products and tropical oils, while unsaturated fats (liquid) are healthier and found in olive oil, avocados, and nuts. Replace saturated fats with unsaturated ones for better heart health.&quot;,Healthy Fats,None,Heart Health
&quot;How can I stop emotional eating?&quot;,&quot;Practice mindful eating, identify triggers, find alternative coping mechanisms (like exercise or journaling), and keep unhealthy snacks out of reach. Seek professional help if needed.&quot;,Emotional Eating,None,Stress/Eating Disorders
&quot;What’s the best way to start a keto diet?&quot;,&quot;Focus on high-fat, moderate-protein, and very low-carb foods like avocados, nuts, eggs, fatty fish, and non-starchy vegetables. Eliminate grains, sugars, and most fruits. Consult a nutritionist for guidance.&quot;,Keto Diet,Keto,None
&quot;What foods are good for skin health?&quot;,&quot;Foods rich in vitamins A, C, E, zinc, and omega-3s promote skin health. Examples include sweet potatoes, citrus fruits, almonds, salmon, and spinach.&quot;,Skin Health,None,Acne/Dry Skin
&quot;What’s the best way to cut down on sugar?&quot;,&quot;Gradually reduce added sugars, swap sugary snacks for fruits, read food labels, and choose unsweetened beverages. Use spices like cinnamon to add flavor without sugar.&quot;,Sugar Reduction,None,Obesity/Diabetes
&quot;How can I incorporate more plant-based foods into my diet?&quot;,&quot;Start by adding one plant-based meal per week, swapping meat for beans or lentils, and experimenting with recipes featuring tofu, tempeh, or jackfruit. Gradually increase the variety of vegetables, fruits, and whole grains.&quot;,Plant-Based Diet,Vegetarian/Vegan,None
&quot;What’s the ideal post-workout snack?&quot;,&quot;After a workout, aim for a mix of protein and carbs, such as a smoothie with fruit and protein powder, a turkey sandwich, or cottage cheese with pineapple.&quot;,Post-Workout Nutrition,None,Fitness
&quot;What’s the connection between diet and mental health?&quot;,&quot;A balanced diet rich in whole foods supports brain function and mood regulation. Omega-3s, magnesium, and B vitamins play key roles. Avoid highly processed foods, which may negatively impact mental health.&quot;,Mental Health,None,Depression/Anxiety
&quot;What’s the best way to introduce new foods to picky eaters?&quot;,&quot;Introduce new foods gradually alongside familiar favorites. Offer small portions, involve kids in meal prep, and model positive eating behaviors. Be patient—it can take multiple exposures for someone to accept a new food.&quot;,Picky Eating,None,None
&quot;What’s the nutritional value of avocados?&quot;,&quot;Avocados are rich in healthy monounsaturated fats, fiber, potassium, and vitamins E and K. They support heart health, satiety, and overall well-being.&quot;,Superfoods,None,None
&quot;What’s the best way to prepare quinoa?&quot;,&quot;Rinse quinoa thoroughly to remove saponins, then cook it in a 2:1 ratio of water to quinoa. Bring to a boil, reduce heat, cover, and simmer for 15 minutes until fluffy.&quot;,Cooking Tips,None,None
&quot;What’s the difference between type 1 and type 2 diabetes?&quot;,&quot;Type 1 diabetes is an autoimmune condition where the body doesn’t produce insulin. Type 2 diabetes occurs when the body becomes resistant to insulin or doesn’t produce enough. Both require careful dietary management, but causes and treatments differ.&quot;,Diabetes Education,None,Diabetes
&quot;What’s the best way to detoxify my body?&quot;,&quot;Your liver and kidneys naturally detoxify your body. Support them by staying hydrated, eating whole foods, limiting alcohol, and avoiding processed junk food. Detox diets aren’t necessary and can sometimes be harmful.&quot;,Detox Myths,None,None
&quot;What’s the role of hydration in weight loss?&quot;,&quot;Staying hydrated supports metabolism, reduces hunger cues, and enhances exercise performance. Drinking water before meals can also help control calorie intake.&quot;,Weight Loss,None,Weight Loss
&quot;What’s the best way to shop for groceries on a budget?&quot;,&quot;Plan meals ahead, buy in bulk, choose seasonal produce, opt for generic brands, and prioritize pantry staples like rice, beans, and frozen veggies. Avoid impulse buys and stick to your list.&quot;,Budget-Friendly Tips,None,None
&quot;What’s the best way to meal prep for the week?&quot;,&quot;Cook large batches of staples like grains, proteins, and roasted veggies. Store in airtight containers and assemble meals as needed. Use versatile ingredients to create variety throughout the week.&quot;,Meal Prep,None,None
&quot;What’s the best way to deal with food cravings?&quot;,&quot;Identify the cause of cravings (e.g., stress, boredom), drink water, eat balanced meals with protein and fiber, and practice mindful eating. Allow yourself occasional treats in moderation to avoid feelings of deprivation.&quot;,Cravings Management,None,Emotional Eating
